{
  "version": 1,
  "author": "Kunwar Rajveer",
  "editor": "wokwi",
  "parts": [
    { "type": "wokwi-arduino-uno", "id": "uno", "top": 0, "left": 0, "attrs": {} },
    {
      "type": "wokwi-max7219-matrix",
      "id": "matrix1",
      "top": -162.6,
      "left": -117.36,
      "attrs": { "chain": "4" }
    }
  ],
  "connections": [
    [ "uno:5V", "matrix1:V+.2", "red", [ "v38.9", "h-304", "v-374.4" ] ],
    [ "matrix1:GND.2", "uno:GND.1", "black", [ "h-19.04", "v115.2", "h249.6", "v28.8" ] ],
    [ "uno:11", "matrix1:DIN", "green", [ "v-66.6", "h115.2", "v-19.2" ] ],
    [ "uno:10", "matrix1:CS", "green", [ "v-85.8", "h86.5", "v-38.4", "h-19.2" ] ],
    [ "uno:13", "matrix1:CLK", "green", [ "v-47.4", "h172.6", "v-9.6" ] ]
  ],
  "dependencies": {}
}